idx,c,mean_error,std_dev_mean_error,rms_error,std_dev_rms_error
0.000000000000000000e+00,5.000000000000000278e-02,1.553305221213021614e-01,3.298959129100582921e-02,1.686562748362070985e-01,3.523922226597013541e-02
0.000000000000000000e+00,6.133333333333333692e-02,1.601072807457639413e-01,3.524742357554076777e-02,1.738318480500377627e-01,3.767856017836652971e-02
0.000000000000000000e+00,7.266666666666667107e-02,1.308268304140688121e-01,3.374753276890871817e-02,1.426002865343880266e-01,3.607083266831005025e-02
0.000000000000000000e+00,8.399999999999999134e-02,1.072599054857845957e-01,3.151063315863617681e-02,1.174168152248046132e-01,3.377797326050573090e-02
0.000000000000000000e+00,9.533333333333332549e-02,9.064112914826497058e-02,2.903782018281977906e-02,9.960380304589659672e-02,3.124145347777886744e-02
0.000000000000000000e+00,1.066666666666666596e-01,7.862968012969334675e-02,2.643918494633749200e-02,8.669628925591008062e-02,2.854213039310375677e-02
0.000000000000000000e+00,1.179999999999999938e-01,6.951520084202940375e-02,2.378412743042298411e-02,7.688381026969812182e-02,2.575128682001949151e-02
0.000000000000000000e+00,1.293333333333333279e-01,6.227832023457341437e-02,2.115009391640507858e-02,6.908267438928672455e-02,2.295803036354588864e-02
0.000000000000000000e+00,1.406666666666666621e-01,5.680450213213129179e-02,1.922225091316428353e-02,6.318004937843173241e-02,2.070591264098669074e-02
0.000000000000000000e+00,1.519999999999999962e-01,5.172774624704076785e-02,1.678580827967572284e-02,5.771467693579997865e-02,1.810176682255354441e-02
0.000000000000000000e+00,1.633333333333333304e-01,4.738119152420431496e-02,1.457159330630037469e-02,5.303365301327258446e-02,1.572527662941129722e-02
0.000000000000000000e+00,1.746666666666666645e-01,4.362276561069635544e-02,1.260336773991071503e-02,4.898436404798947597e-02,1.360577084848016600e-02
0.000000000000000000e+00,1.859999999999999987e-01,4.035054292560670552e-02,1.088608733601914742e-02,4.545844307526202693e-02,1.175183630977347064e-02
0.000000000000000000e+00,1.973333333333333051e-01,3.748657999080669267e-02,9.410809460857391326e-03,4.237364436723529970e-02,1.015686447408058364e-02
0.000000000000000000e+00,2.086666666666666670e-01,3.496861335187200631e-02,8.160352662496147408e-03,3.966449092773564195e-02,8.804647148937501736e-03
0.000000000000000000e+00,2.200000000000000011e-01,3.274550948819588553e-02,7.113469882072556358e-03,3.727728636134154672e-02,7.673797798629891816e-03
1.000000000000000000e+00,5.000000000000000278e-02,1.517499303482665318e-01,3.318582017538228290e-02,1.650613218505262159e-01,3.568531445546201802e-02
1.000000000000000000e+00,6.133333333333333692e-02,1.563617946509032464e-01,3.647084650697812735e-02,1.701590715005372179e-01,3.938811902680243449e-02
1.000000000000000000e+00,7.266666666666667107e-02,1.276877491814528698e-01,3.446915611562596793e-02,1.395907753604936075e-01,3.722858359496057645e-02
1.000000000000000000e+00,8.399999999999999134e-02,1.046466514395313768e-01,3.198942460291989004e-02,1.149769411909616901e-01,3.465696446837143035e-02
1.000000000000000000e+00,9.533333333333332549e-02,8.842660323433348957e-02,2.944097945065770466e-02,9.757953135489602636e-02,3.202428082046865354e-02
1.000000000000000000e+00,1.066666666666666596e-01,7.672738878153996522e-02,2.684606292334656627e-02,8.498583846382373741e-02,2.931218078555618625e-02
1.000000000000000000e+00,1.179999999999999938e-01,6.786777502112437133e-02,2.423930262684287698e-02,7.542057487317750664e-02,2.655459106221771948e-02
1.000000000000000000e+00,1.293333333333333279e-01,6.084375012971651731e-02,2.167547740405386530e-02,6.781862588839615569e-02,2.381668055591446703e-02
1.000000000000000000e+00,1.406666666666666621e-01,5.512517528614233053e-02,1.897155524651914296e-02,6.156473934871709019e-02,2.051654890780946205e-02
1.000000000000000000e+00,1.519999999999999962e-01,5.021615336707071359e-02,1.662951319751361512e-02,5.624089349695113316e-02,1.801582316687035459e-02
1.000000000000000000e+00,1.633333333333333304e-01,4.601237201966273255e-02,1.450383820392639640e-02,5.167968807768585915e-02,1.573985769165116982e-02
1.000000000000000000e+00,1.746666666666666645e-01,4.237559777073267309e-02,1.261956131179423589e-02,4.773271547703106243e-02,1.371812817821774742e-02
1.000000000000000000e+00,1.859999999999999987e-01,3.920743399014615244e-02,1.098291293030275763e-02,4.429449351283123310e-02,1.195906166974809379e-02
1.000000000000000000e+00,1.973333333333333051e-01,3.643289714213705788e-02,9.586092272847910115e-03,4.128482641833798594e-02,1.045551948846360109e-02
1.000000000000000000e+00,2.086666666666666670e-01,3.399213527657802408e-02,8.412353323972356772e-03,3.863982222252790311e-02,9.190347536501091569e-03
1.000000000000000000e+00,2.200000000000000011e-01,3.183602692331979900e-02,7.440087360351976299e-03,3.630707205815942445e-02,8.140755130892737140e-03
2.000000000000000000e+00,5.000000000000000278e-02,1.575514335747096872e-01,3.333876466353508788e-02,1.714743342939177573e-01,3.501660937706919940e-02
2.000000000000000000e+00,6.133333333333333692e-02,1.620925744157054593e-01,3.612735086868496676e-02,1.763585410616863858e-01,3.799935305566560367e-02
2.000000000000000000e+00,7.266666666666667107e-02,1.323197713103959894e-01,3.431909646366682748e-02,1.446039345879037707e-01,3.619407006547781941e-02
2.000000000000000000e+00,8.399999999999999134e-02,1.083398028638266064e-01,3.190957153520471851e-02,1.189551379275497894e-01,3.382904648305400108e-02
2.000000000000000000e+00,9.533333333333332549e-02,9.145065460332914287e-02,2.931832168227346824e-02,1.008214405918254480e-01,3.126440286170804189e-02
2.000000000000000000e+00,1.066666666666666596e-01,7.927487065790550513e-02,2.663397457053183481e-02,8.769947997074126200e-02,2.855850313296185577e-02
2.000000000000000000e+00,1.179999999999999938e-01,7.006032373068006580e-02,2.391567415096593555e-02,7.773870575670166483e-02,2.577207240316228831e-02
2.000000000000000000e+00,1.293333333333333279e-01,6.275936774921266059e-02,2.123608031468595184e-02,6.982571261284339914e-02,2.298940424611456076e-02
2.000000000000000000e+00,1.406666666666666621e-01,5.596625132217378229e-02,1.874533114303734288e-02,6.225002297606165025e-02,2.035893035563885942e-02
2.000000000000000000e+00,1.519999999999999962e-01,5.101023148832672938e-02,1.637692941092207949e-02,5.686274017090624244e-02,1.785665910861015948e-02
2.000000000000000000e+00,1.633333333333333304e-01,4.676842411457625415e-02,1.423189432882921573e-02,5.223907804701068830e-02,1.557621423316971412e-02
2.000000000000000000e+00,1.746666666666666645e-01,4.309785354175173916e-02,1.233510257472397557e-02,4.822660189377932227e-02,1.354839398992166086e-02
2.000000000000000000e+00,1.859999999999999987e-01,3.989746343952919883e-02,1.069243752145891159e-02,4.471813204338726672e-02,1.178312846467515287e-02
2.000000000000000000e+00,1.973333333333333051e-01,3.709095884212715993e-02,9.295852198438127323e-03,4.163318899708830234e-02,1.027491721925634025e-02
2.000000000000000000e+00,2.086666666666666670e-01,3.461789433680786954e-02,8.128376997024011619e-03,3.890828627029541131e-02,9.008147883927978758e-03
2.000000000000000000e+00,2.200000000000000011e-01,3.242896880458782244e-02,7.168108722252319008e-03,3.649172665883942956e-02,7.961295675297401508e-03
3.000000000000000000e+00,5.000000000000000278e-02,1.556057278151221634e-01,3.467957368835609261e-02,1.691291010791844962e-01,3.641828735963677233e-02
3.000000000000000000e+00,6.133333333333333692e-02,1.601068823650763917e-01,3.735786093653183787e-02,1.739668855800297065e-01,3.934349841957043847e-02
3.000000000000000000e+00,7.266666666666667107e-02,1.306859158577501345e-01,3.548904407598969107e-02,1.425863679318288002e-01,3.745725811752272094e-02
3.000000000000000000e+00,8.399999999999999134e-02,1.070431580583895703e-01,3.294556811693947346e-02,1.173063285470822559e-01,3.492026690574231290e-02
3.000000000000000000e+00,9.533333333333332549e-02,9.039311498302009251e-02,3.019653487972046371e-02,9.943598459529170985e-02,3.215769527755900359e-02
3.000000000000000000e+00,1.066666666666666596e-01,7.838647314497039498e-02,2.736305674182156270e-02,8.650827004546637888e-02,2.927135521209938904e-02
3.000000000000000000e+00,1.179999999999999938e-01,6.929660999954855016e-02,2.451201450576473428e-02,7.669659017030769355e-02,2.633093125876517782e-02
3.000000000000000000e+00,1.293333333333333279e-01,6.209104022836496595e-02,2.171528087294641654e-02,6.890256392786453521e-02,2.341898302039333371e-02
3.000000000000000000e+00,1.406666666666666621e-01,5.604952027371850470e-02,1.791962707750665781e-02,6.279148215282108481e-02,1.968788193989850013e-02
3.000000000000000000e+00,1.519999999999999962e-01,5.109259741687659923e-02,1.556631643095125403e-02,5.736908957751454124e-02,1.717852118140084788e-02
3.000000000000000000e+00,1.633333333333333304e-01,4.685267530901585792e-02,1.343801953535600675e-02,5.271871148523656764e-02,1.489634312025973906e-02
3.000000000000000000e+00,1.746666666666666645e-01,4.318556084068764928e-02,1.155711572235990081e-02,4.868598462093921136e-02,1.286967669581612524e-02
3.000000000000000000e+00,1.859999999999999987e-01,3.998966096633271849e-02,9.928605538415428630e-03,4.516254314057593228e-02,1.110727495613158568e-02
3.000000000000000000e+00,1.973333333333333051e-01,3.718852398223629341e-02,8.544891152845703747e-03,4.206717280098185713e-02,9.603589843322643538e-03
3.000000000000000000e+00,2.086666666666666670e-01,3.472178967853695175e-02,7.390398571319340207e-03,3.933595761891546527e-02,8.343845365535791647e-03
3.000000000000000000e+00,2.200000000000000011e-01,3.254043100545207096e-02,6.445120280816244752e-03,3.691693394669758738e-02,7.307826006988519044e-03
4.000000000000000000e+00,5.000000000000000278e-02,1.568396927371009386e-01,3.429556293291807778e-02,1.705613820945632297e-01,3.634637196555434019e-02
4.000000000000000000e+00,6.133333333333333692e-02,1.567739511615628134e-01,3.362527515920935711e-02,1.693485887075113772e-01,3.548155337852147012e-02
4.000000000000000000e+00,7.266666666666667107e-02,1.320770975549115100e-01,3.532970208336427831e-02,1.442003662943543429e-01,3.751059547666851096e-02
4.000000000000000000e+00,8.399999999999999134e-02,1.086072990809172911e-01,3.099757016163142212e-02,1.189988038105714852e-01,3.287906220243935751e-02
4.000000000000000000e+00,9.533333333333332549e-02,9.084875982782437964e-02,3.081720050198809985e-02,1.001881284097252273e-01,3.274512472379648848e-02
4.000000000000000000e+00,1.066666666666666596e-01,7.803202338329615073e-02,2.405310165196038880e-02,8.566697545425200344e-02,2.582022534089039797e-02
4.000000000000000000e+00,1.179999999999999938e-01,7.022380057066636427e-02,2.391716396191446298e-02,7.791402506827435626e-02,2.549989829850951573e-02
4.000000000000000000e+00,1.293333333333333279e-01,6.314569128344688087e-02,2.121275863555023219e-02,7.029206805194011809e-02,2.266497613004717429e-02
4.000000000000000000e+00,1.406666666666666621e-01,5.670128277309322701e-02,1.689082492617894476e-02,6.283988850177962826e-02,1.819439240497700699e-02
4.000000000000000000e+00,1.519999999999999962e-01,5.241866095561242833e-02,1.624902561484856123e-02,5.874602828626145773e-02,1.741368097843633625e-02
4.000000000000000000e+00,1.633333333333333304e-01,4.784059095963429098e-02,1.290738760392529279e-02,5.335417567122120730e-02,1.389628031924946411e-02
4.000000000000000000e+00,1.746666666666666645e-01,4.424342465758550336e-02,1.317452203431655408e-02,4.950041656452405792e-02,1.408781579806801451e-02
4.000000000000000000e+00,1.859999999999999987e-01,4.119191608732988147e-02,9.794506467304123914e-03,4.626599691157869121e-02,1.053535263947227331e-02
4.000000000000000000e+00,1.973333333333333051e-01,3.857653329924434771e-02,9.003933222702844436e-03,4.390201265546227194e-02,9.693732373672096780e-03
4.000000000000000000e+00,2.086666666666666670e-01,3.575191383320514005e-02,8.730560459306266688e-03,4.050316120642497714e-02,9.392145418711358301e-03
4.000000000000000000e+00,2.200000000000000011e-01,3.355537295328028108e-02,7.676500541881148623e-03,3.820148832944998685e-02,8.284005758429425700e-03
5.000000000000000000e+00,5.000000000000000278e-02,1.558237613809950184e-01,3.402641611965604579e-02,1.691930928768764775e-01,3.580237570818144838e-02
5.000000000000000000e+00,6.133333333333333692e-02,1.587809886338087118e-01,3.548802146656919454e-02,1.722948552266103661e-01,3.741339214722272377e-02
5.000000000000000000e+00,7.266666666666667107e-02,1.309131244485168821e-01,3.542965483728848647e-02,1.427212268556539987e-01,3.741249507074218689e-02
5.000000000000000000e+00,8.399999999999999134e-02,1.052831420404943541e-01,3.083484889996015305e-02,1.154251494614892959e-01,3.278272365453657744e-02
5.000000000000000000e+00,9.533333333333332549e-02,9.036255837445812678e-02,3.016238323491533466e-02,9.939878113409793270e-02,3.213851108069425144e-02
5.000000000000000000e+00,1.066666666666666596e-01,7.719624106474853864e-02,2.649777689886174611e-02,8.518484048681332355e-02,2.835356420106002751e-02
5.000000000000000000e+00,1.179999999999999938e-01,6.788781496624392287e-02,2.332752972671871955e-02,7.524028819403134893e-02,2.519619760506649001e-02
5.000000000000000000e+00,1.293333333333333279e-01,6.078521210857856794e-02,2.077042380276192604e-02,6.755463910273235006e-02,2.253227005279303738e-02
5.000000000000000000e+00,1.406666666666666621e-01,5.547313758832862762e-02,1.858548378960084291e-02,6.173153042634547949e-02,2.022219015037710760e-02
5.000000000000000000e+00,1.519999999999999962e-01,5.098346751290912249e-02,1.668429661299223460e-02,5.702611541959472924e-02,1.834418631163852939e-02
5.000000000000000000e+00,1.633333333333333304e-01,4.630243484420985128e-02,1.409532768348534595e-02,5.176016745248964573e-02,1.542887902462344862e-02
5.000000000000000000e+00,1.746666666666666645e-01,4.331382692968051978e-02,1.244308413734237888e-02,4.863097303816009409e-02,1.371520163217632843e-02
5.000000000000000000e+00,1.859999999999999987e-01,3.945327534794595276e-02,1.054208194274368175e-02,4.427639563733665184e-02,1.159606997862661429e-02
5.000000000000000000e+00,1.973333333333333051e-01,3.693723149161782376e-02,9.389035314649501335e-03,4.164534284423964533e-02,1.045749062720242005e-02
5.000000000000000000e+00,2.086666666666666670e-01,3.470066237027274320e-02,8.043170615678199922e-03,3.917054264079731368e-02,8.959257715505184599e-03
5.000000000000000000e+00,2.200000000000000011e-01,3.248078517276795779e-02,7.032394650668719396e-03,3.672292856205524453e-02,7.853174201211805122e-03
6.000000000000000000e+00,5.000000000000000278e-02,1.546655204206347778e-01,3.696240533349384044e-02,1.678655979381484808e-01,3.891581628563708928e-02
6.000000000000000000e+00,6.133333333333333692e-02,1.612271510120811824e-01,3.630956037611350606e-02,1.744611548771090315e-01,3.889651361876721170e-02
6.000000000000000000e+00,7.266666666666667107e-02,1.294796985721182736e-01,3.528857698861462278e-02,1.409642435865333943e-01,3.725753351081986797e-02
6.000000000000000000e+00,8.399999999999999134e-02,1.092245491352200198e-01,3.318432235547093961e-02,1.192264692455303615e-01,3.541034069078152768e-02
6.000000000000000000e+00,9.533333333333332549e-02,8.955727765573877341e-02,2.993644174560749702e-02,9.827244315756912540e-02,3.186059745451407660e-02
6.000000000000000000e+00,1.066666666666666596e-01,7.891286173244413393e-02,2.671302702310626373e-02,8.668697619118305442e-02,2.895261074854027158e-02
6.000000000000000000e+00,1.179999999999999938e-01,7.090427933684555206e-02,2.491909100524738671e-02,7.825242169530091663e-02,2.678981473381509756e-02
6.000000000000000000e+00,1.293333333333333279e-01,6.325297689994710537e-02,2.223664259658751988e-02,7.007915495640081038e-02,2.405852002807229786e-02
6.000000000000000000e+00,1.406666666666666621e-01,5.716746518029081070e-02,1.958322396154700898e-02,6.353448861676069814e-02,2.124265827869980389e-02
6.000000000000000000e+00,1.519999999999999962e-01,5.113107320467687178e-02,1.694561640217632364e-02,5.707819193865384944e-02,1.833635381380636226e-02
6.000000000000000000e+00,1.633333333333333304e-01,4.782790685055307578e-02,1.475339008754034294e-02,5.342791494572291661e-02,1.603563072512075374e-02
6.000000000000000000e+00,1.746666666666666645e-01,4.294880833047384078e-02,1.289182863161947995e-02,4.823013694010426511e-02,1.397012602664290427e-02
6.000000000000000000e+00,1.859999999999999987e-01,4.070207172479973351e-02,1.100395061367952058e-02,4.572983253687459143e-02,1.202645835553993979e-02
6.000000000000000000e+00,1.973333333333333051e-01,3.703125413638441721e-02,9.663628541496662241e-03,4.183985878382542184e-02,1.062942368280132485e-02
6.000000000000000000e+00,2.086666666666666670e-01,3.442940320111068792e-02,8.827614894290857633e-03,3.896034631592056041e-02,9.617068659857185703e-03
6.000000000000000000e+00,2.200000000000000011e-01,3.225384053169060017e-02,7.527398213065084054e-03,3.665744797866555410e-02,8.175284822418646749e-03
7.000000000000000000e+00,5.000000000000000278e-02,1.573577604279092768e-01,3.290224483490328256e-02,1.714432494577830257e-01,3.473854651579324354e-02
7.000000000000000000e+00,6.133333333333333692e-02,1.608250830591484715e-01,3.687019229759212757e-02,1.752734192348169850e-01,3.858802839371591742e-02
7.000000000000000000e+00,7.266666666666667107e-02,1.313616550318791321e-01,3.384423456148531739e-02,1.438143879854615614e-01,3.574674640340833043e-02
7.000000000000000000e+00,8.399999999999999134e-02,1.061723517416096191e-01,3.194787657783650092e-02,1.164243890722560099e-01,3.387412870547809596e-02
7.000000000000000000e+00,9.533333333333332549e-02,9.074620873439502577e-02,2.890324904508365447e-02,1.002278419446153285e-01,3.077401655007850137e-02
7.000000000000000000e+00,1.066666666666666596e-01,7.821553117421022050e-02,2.658431471998548221e-02,8.662902911575338927e-02,2.843732297814445878e-02
7.000000000000000000e+00,1.179999999999999938e-01,6.853020133613349496e-02,2.425788119565155596e-02,7.603377016237891639e-02,2.612207639234976481e-02
7.000000000000000000e+00,1.293333333333333279e-01,6.121727637015574042e-02,2.112835987130803894e-02,6.807944808332881681e-02,2.284607525082108653e-02
7.000000000000000000e+00,1.406666666666666621e-01,5.542315608042264197e-02,1.868645474508696600e-02,6.179724209877134056e-02,2.020086174431880155e-02
7.000000000000000000e+00,1.519999999999999962e-01,5.080151295042671655e-02,1.655003805697095182e-02,5.683809292688239007e-02,1.808549348192981313e-02
7.000000000000000000e+00,1.633333333333333304e-01,4.634635339162193612e-02,1.415963510520506369e-02,5.191319520076401878e-02,1.534766620049818689e-02
7.000000000000000000e+00,1.746666666666666645e-01,4.326915631070282070e-02,1.350236898445346563e-02,4.865689712923036703e-02,1.477702839785497921e-02
7.000000000000000000e+00,1.859999999999999987e-01,3.944679299511159171e-02,1.062688934494501747e-02,4.442010668357751491e-02,1.155646169027573639e-02
7.000000000000000000e+00,1.973333333333333051e-01,3.678448397499737427e-02,9.257341701320085867e-03,4.157796130358968473e-02,1.024581361100988276e-02
7.000000000000000000e+00,2.086666666666666670e-01,3.481262251502104110e-02,8.829359294278469814e-03,3.945972722461216220e-02,9.710115096023487838e-03
7.000000000000000000e+00,2.200000000000000011e-01,3.238568378201042708e-02,7.713269791131652404e-03,3.678980138000461503e-02,8.487821815005663212e-03
8.000000000000000000e+00,5.000000000000000278e-02,1.566821020883925331e-01,3.407184171888551910e-02,1.708370181446006997e-01,3.648462586687805514e-02
8.000000000000000000e+00,6.133333333333333692e-02,1.591828041856441500e-01,3.490109264333290245e-02,1.736726146864654152e-01,3.710536148508949972e-02
8.000000000000000000e+00,7.266666666666667107e-02,1.311603429129162002e-01,3.440679525168437863e-02,1.436663291353585670e-01,3.688354827185232748e-02
8.000000000000000000e+00,8.399999999999999134e-02,1.069834059468249554e-01,3.129361265788593166e-02,1.180027118595772390e-01,3.348991261720788565e-02
8.000000000000000000e+00,9.533333333333332549e-02,9.063715667339422577e-02,2.925410682583375055e-02,1.001564722116802253e-01,3.165011319155770775e-02
8.000000000000000000e+00,1.066666666666666596e-01,7.771113358268169624e-02,2.554934874586170176e-02,8.619161516056035588e-02,2.771957447912028888e-02
8.000000000000000000e+00,1.179999999999999938e-01,6.905752281976815232e-02,2.364538386499566436e-02,7.693543570995799163e-02,2.570060567556307213e-02
8.000000000000000000e+00,1.293333333333333279e-01,6.182930140051700468e-02,2.087975282926386733e-02,6.907122855892125490e-02,2.279533118728993904e-02
8.000000000000000000e+00,1.406666666666666621e-01,5.537738698668098064e-02,1.825090313804010253e-02,6.181917149548900314e-02,1.990970043253113483e-02
8.000000000000000000e+00,1.519999999999999962e-01,5.126968538388249758e-02,1.609018319838437586e-02,5.713268171305348891e-02,1.759482127561862869e-02
8.000000000000000000e+00,1.633333333333333304e-01,4.640123684203873583e-02,1.374791421162533701e-02,5.198085209492762232e-02,1.508796313090162225e-02
8.000000000000000000e+00,1.746666666666666645e-01,4.267394177335678135e-02,1.126780620237721048e-02,4.774453521139753603e-02,1.249888103160926890e-02
8.000000000000000000e+00,1.859999999999999987e-01,3.955349485028573225e-02,1.023102724456322402e-02,4.449662935414695070e-02,1.130919027809336626e-02
8.000000000000000000e+00,1.973333333333333051e-01,3.722630414614722799e-02,8.934302734510530392e-03,4.182454800311121573e-02,9.908537351498403548e-03
8.000000000000000000e+00,2.086666666666666670e-01,3.436187139718729910e-02,7.227244833705771809e-03,3.862042985145409252e-02,7.998206160860251226e-03
8.000000000000000000e+00,2.200000000000000011e-01,3.209727293118503494e-02,6.276318784215579108e-03,3.616983447286265668e-02,7.064911111817635120e-03
9.000000000000000000e+00,5.000000000000000278e-02,1.548841142402081761e-01,3.302681562124777648e-02,1.683873991423635030e-01,3.445712133233616581e-02
9.000000000000000000e+00,6.133333333333333692e-02,1.576802830640023356e-01,3.608266406027000467e-02,1.715527723695327023e-01,3.769101536222232290e-02
9.000000000000000000e+00,7.266666666666667107e-02,1.297200889321631079e-01,3.358845329776880689e-02,1.416593625875207096e-01,3.523628928040022784e-02
9.000000000000000000e+00,8.399999999999999134e-02,1.052128251374695594e-01,3.115549936664275404e-02,1.157283146213460706e-01,3.291792616986614906e-02
9.000000000000000000e+00,9.533333333333332549e-02,8.963593211478540490e-02,2.835371311081965814e-02,9.878310970706313809e-02,3.011107709397062293e-02
9.000000000000000000e+00,1.066666666666666596e-01,7.713306280627255096e-02,2.603025094649700708e-02,8.534386187440846927e-02,2.779078762625491333e-02
9.000000000000000000e+00,1.179999999999999938e-01,6.817114721382315501e-02,2.327711567073852822e-02,7.579424152214490895e-02,2.500873943729040039e-02
9.000000000000000000e+00,1.293333333333333279e-01,6.089849773525479737e-02,2.052557114387783266e-02,6.789865303924140505e-02,2.212778965203657938e-02
9.000000000000000000e+00,1.406666666666666621e-01,5.566753996283137912e-02,1.861105636725545950e-02,6.205150967570428888e-02,2.027771893102444517e-02
9.000000000000000000e+00,1.519999999999999962e-01,5.105696952399144117e-02,1.615820994975010819e-02,5.707689139195312733e-02,1.768458179867248015e-02
9.000000000000000000e+00,1.633333333333333304e-01,4.644321918015736905e-02,1.406540260357498108e-02,5.201220662219873531e-02,1.542060452785102599e-02
9.000000000000000000e+00,1.746666666666666645e-01,4.334723196262919853e-02,1.240200922852952546e-02,4.861052806413079796e-02,1.373194318681534264e-02
9.000000000000000000e+00,1.859999999999999987e-01,3.953602143081528381e-02,1.054514304726051482e-02,4.447209560056959721e-02,1.164397327302839173e-02
9.000000000000000000e+00,1.973333333333333051e-01,3.697615234558365022e-02,9.107000713198093109e-03,4.169662457208136302e-02,1.011652516371453966e-02
9.000000000000000000e+00,2.086666666666666670e-01,3.459539323765998403e-02,8.111774486873002399e-03,3.903282240736598296e-02,9.061742277032946297e-03
9.000000000000000000e+00,2.200000000000000011e-01,3.250776291448794625e-02,7.096420286184321018e-03,3.670538792043950144e-02,7.951746832950100374e-03
1.000000000000000000e+01,5.000000000000000278e-02,1.566955534603160782e-01,3.519372094026789605e-02,1.707789590549735614e-01,3.661468051355528525e-02
1.000000000000000000e+01,6.133333333333333692e-02,1.603429071789257698e-01,3.788493199187501631e-02,1.750130430589831310e-01,3.969596228473300931e-02
1.000000000000000000e+01,7.266666666666667107e-02,1.319325637096789572e-01,3.517561832081046724e-02,1.444187575429118631e-01,3.678545673707176583e-02
1.000000000000000000e+01,8.399999999999999134e-02,1.065832830684467908e-01,3.207567652718845697e-02,1.170001592513652960e-01,3.401727708195540628e-02
1.000000000000000000e+01,9.533333333333332549e-02,9.050623269550991945e-02,2.928512409452941820e-02,9.968798955530779049e-02,3.117815025954165722e-02
1.000000000000000000e+01,1.066666666666666596e-01,7.907744703160590749e-02,2.735761094465396712e-02,8.770021688908920254e-02,2.913170023949908372e-02
1.000000000000000000e+01,1.179999999999999938e-01,6.972434443046469921e-02,2.466343491832859516e-02,7.759965125807788411e-02,2.641890285085598047e-02
1.000000000000000000e+01,1.293333333333333279e-01,6.213938317004003009e-02,2.151576811773001432e-02,6.906515608433849707e-02,2.307233762757718992e-02
1.000000000000000000e+01,1.406666666666666621e-01,5.590008936426042740e-02,1.887394358074326664e-02,6.239158293676377864e-02,2.033672678941110534e-02
1.000000000000000000e+01,1.519999999999999962e-01,5.125285789511740964e-02,1.587900620219126133e-02,5.725010604024456662e-02,1.728339438389856625e-02
1.000000000000000000e+01,1.633333333333333304e-01,4.693867416063901565e-02,1.411513719687697982e-02,5.265436168972491282e-02,1.522023574895668176e-02
1.000000000000000000e+01,1.746666666666666645e-01,4.281942734378963583e-02,1.197470036011769566e-02,4.825625519833020433e-02,1.297809972083117068e-02
1.000000000000000000e+01,1.859999999999999987e-01,3.965222105277105974e-02,1.049870726514310487e-02,4.470285572800897222e-02,1.139900198907047198e-02
1.000000000000000000e+01,1.973333333333333051e-01,3.731403795221465564e-02,9.228191496814062283e-03,4.216687845506588567e-02,9.965666646759522435e-03
1.000000000000000000e+01,2.086666666666666670e-01,3.447094269076508843e-02,7.504067898703447280e-03,3.897741133268130265e-02,8.265196049153839680e-03
1.000000000000000000e+01,2.200000000000000011e-01,3.231052955186240055e-02,6.971729577717194690e-03,3.675800814558551066e-02,7.532576541916421488e-03
1.100000000000000000e+01,5.000000000000000278e-02,1.552412633776703854e-01,3.444104820513396031e-02,1.683071173494955775e-01,3.613855569120435346e-02
1.100000000000000000e+01,6.133333333333333692e-02,1.574673223997449523e-01,3.783969193047839047e-02,1.707793397535265212e-01,3.966888828193520372e-02
1.100000000000000000e+01,7.266666666666667107e-02,1.294568993299068937e-01,3.622054553916954217e-02,1.411126473833366757e-01,3.818999680357287874e-02
1.100000000000000000e+01,8.399999999999999134e-02,1.072116684100583306e-01,3.207729576227613677e-02,1.174788112756012248e-01,3.403450894122996007e-02
1.100000000000000000e+01,9.533333333333332549e-02,8.997566989182120833e-02,2.995164483789467674e-02,9.886377709302306138e-02,3.189521006985998608e-02
1.100000000000000000e+01,1.066666666666666596e-01,7.773942037263735505e-02,2.754391362725265233e-02,8.581274787539398818e-02,2.944788090291800345e-02
1.100000000000000000e+01,1.179999999999999938e-01,6.916311898470019204e-02,2.365483368416976956e-02,7.660714653550278197e-02,2.540047192176861021e-02
1.100000000000000000e+01,1.293333333333333279e-01,6.118490392212982271e-02,2.253500162324729647e-02,6.808574061549266254e-02,2.459618744833136014e-02
1.100000000000000000e+01,1.406666666666666621e-01,5.558911185746094608e-02,1.926886065878399140e-02,6.218656233988502369e-02,2.095407036767068729e-02
1.100000000000000000e+01,1.519999999999999962e-01,5.153189426948597690e-02,1.760046648167713432e-02,5.756417331808976606e-02,1.930306204016105781e-02
1.100000000000000000e+01,1.633333333333333304e-01,4.667078391186849778e-02,1.447136279981183458e-02,5.232245316498585624e-02,1.601183553059990286e-02
1.100000000000000000e+01,1.746666666666666645e-01,4.279915436465663026e-02,1.311040410204722742e-02,4.802873487890182286e-02,1.444993187002274401e-02
1.100000000000000000e+01,1.859999999999999987e-01,3.953535003117439328e-02,1.159610135622566110e-02,4.460794490177007188e-02,1.281560948338518989e-02
1.100000000000000000e+01,1.973333333333333051e-01,3.689010342398959391e-02,9.707000791205375873e-03,4.155647084599917163e-02,1.062684608547359924e-02
1.100000000000000000e+01,2.086666666666666670e-01,3.419182983633250322e-02,8.547479586732147430e-03,3.877141978324927241e-02,9.516968264534497388e-03
1.100000000000000000e+01,2.200000000000000011e-01,3.216641495638117298e-02,7.529338131702094546e-03,3.640622820502085327e-02,8.335078831794254239e-03
1.200000000000000000e+01,5.000000000000000278e-02,1.538262377938221237e-01,3.128576917466089485e-02,1.670375074310940511e-01,3.257299048845559847e-02
1.200000000000000000e+01,6.133333333333333692e-02,1.590193070164200029e-01,3.450355717910272291e-02,1.731515658092451504e-01,3.653581203155446822e-02
1.200000000000000000e+01,7.266666666666667107e-02,1.294544503660714496e-01,3.308108943236445082e-02,1.417665010495340605e-01,3.513395947696955346e-02
1.200000000000000000e+01,8.399999999999999134e-02,1.060993271735863192e-01,3.084182806290777096e-02,1.162307301190347308e-01,3.278060709530278977e-02
1.200000000000000000e+01,9.533333333333332549e-02,8.980104577397371446e-02,2.866697469555046923e-02,9.901909630335201107e-02,3.071504818187394126e-02
1.200000000000000000e+01,1.066666666666666596e-01,7.729275004401013616e-02,2.630973340481627606e-02,8.549297549023184006e-02,2.821043113093963522e-02
1.200000000000000000e+01,1.179999999999999938e-01,6.858121494569269228e-02,2.324576609785718867e-02,7.586191810053279083e-02,2.507838313189742971e-02
1.200000000000000000e+01,1.293333333333333279e-01,6.135967372540520465e-02,2.052131179855726587e-02,6.837540764410733607e-02,2.221813022707075716e-02
1.200000000000000000e+01,1.406666666666666621e-01,5.578942303581475859e-02,1.838100935485489223e-02,6.220377806039485702e-02,2.005761633214609221e-02
1.200000000000000000e+01,1.519999999999999962e-01,5.096684835690309251e-02,1.557370208161288141e-02,5.683538833952276464e-02,1.696455489099192235e-02
1.200000000000000000e+01,1.633333333333333304e-01,4.705587927140854332e-02,1.365983848045875838e-02,5.256712322058471748e-02,1.506637014788570969e-02
1.200000000000000000e+01,1.746666666666666645e-01,4.273472450046220117e-02,1.216361079592819146e-02,4.800173023626124608e-02,1.329211061965134347e-02
1.200000000000000000e+01,1.859999999999999987e-01,3.980356680017019949e-02,1.001894459705868212e-02,4.473285744188076896e-02,1.099844502664586166e-02
1.200000000000000000e+01,1.973333333333333051e-01,3.742510121959716218e-02,8.785519274224492386e-03,4.212310528747935379e-02,9.883859753208103574e-03
1.200000000000000000e+01,2.086666666666666670e-01,3.427076637858336716e-02,7.829365749390301138e-03,3.877975000671515099e-02,8.612244314043046578e-03
1.200000000000000000e+01,2.200000000000000011e-01,3.249413845787884475e-02,6.611172200826617718e-03,3.675056393834125190e-02,7.490118065317229526e-03
1.300000000000000000e+01,5.000000000000000278e-02,1.527785232159208917e-01,3.391686906958567976e-02,1.658950952196826534e-01,3.614686771605733068e-02
1.300000000000000000e+01,6.133333333333333692e-02,1.586545021406641220e-01,4.008583792536227208e-02,1.725347180917348733e-01,4.245579113126840554e-02
1.300000000000000000e+01,7.266666666666667107e-02,1.300205775579945933e-01,3.372051041654617470e-02,1.411807924293182748e-01,3.544566682721476264e-02
1.300000000000000000e+01,8.399999999999999134e-02,1.071296114789901527e-01,3.451358077478167835e-02,1.173293152740676887e-01,3.623525939414407732e-02
1.300000000000000000e+01,9.533333333333332549e-02,8.851665604174335789e-02,2.906886178817864874e-02,9.729577948378587138e-02,3.111002482158822802e-02
1.300000000000000000e+01,1.066666666666666596e-01,7.791861088134985347e-02,2.641465771638800211e-02,8.547996968264676143e-02,2.807671730087128378e-02
1.300000000000000000e+01,1.179999999999999938e-01,6.966044912031947589e-02,2.577399374513564961e-02,7.712772145296874216e-02,2.735362297740971324e-02
1.300000000000000000e+01,1.293333333333333279e-01,6.162023547639587651e-02,2.039192413516663013e-02,6.835025770582865701e-02,2.183536605335906211e-02
1.300000000000000000e+01,1.406666666666666621e-01,5.646550592656952167e-02,1.911424580746192911e-02,6.283758183316334733e-02,2.060051346434166666e-02
1.300000000000000000e+01,1.519999999999999962e-01,5.074798701629223280e-02,1.563157854188498494e-02,5.671421115420753611e-02,1.681933144042684070e-02
1.300000000000000000e+01,1.633333333333333304e-01,4.601394958064738971e-02,1.425452282483330967e-02,5.198668216785927443e-02,1.571377645130221656e-02
1.300000000000000000e+01,1.746666666666666645e-01,4.258427230004575847e-02,1.228193246902576675e-02,4.791264731419170309e-02,1.346396275166908928e-02
1.300000000000000000e+01,1.859999999999999987e-01,4.033873438767962560e-02,1.099631616030037791e-02,4.550381440050747794e-02,1.190305063383681992e-02
1.300000000000000000e+01,1.973333333333333051e-01,3.651302255360719395e-02,9.208027899639341027e-03,4.166245429300738379e-02,1.015136651134812031e-02
1.300000000000000000e+01,2.086666666666666670e-01,3.425556023977901349e-02,8.046966918509831576e-03,3.895293626040433749e-02,8.881889479952874769e-03
1.300000000000000000e+01,2.200000000000000011e-01,3.189150185873122073e-02,6.820340320847864159e-03,3.657877806306187446e-02,7.573071807763326509e-03
